# two-scale Cantor measure p=(0.6, 0.4), r=(0.25, 0.4)
# eps=1e-80
alpha,f_hist
0.3713106713,0.02658880998
0.3770995075,0.07003923697
0.3853754687,0.1237006362
0.3947520003,0.1694479995
0.4030279615,0.1969665887
0.4088167976,0.2221363872
0.4146056338,0.2461077062
0.422881595,0.2791875734
0.4311575562,0.2996947934
0.4369463924,0.3185168738
0.4441217832,0.3370905767
0.4499106194,0.3547693853
0.4581865806,0.3793554223
0.4664625418,0.3945679084
0.472251378,0.4083942456
0.4780402141,0.4226195445
0.4863161754,0.4423358341
0.4945921366,0.4542694833
0.5003809727,0.4650080842
0.5061698089,0.4765277218
0.5144457701,0.4923570582
0.5238223017,0.5065384497
0.5309976925,0.5074530588
0.5342994037,0.5189598254
0.5425753649,0.5315176131
0.5519518965,0.5424087157
0.5602278577,0.5483261399
0.5660166938,0.5536031983
0.57180553,0.560325937
0.5800814912,0.5691402856
0.5883574524,0.5728397827
0.5941462886,0.5762080238
0.5999351247,0.5812497862
0.608211086,0.5875668966
0.6164870472,0.589161046
0.623662438,0.5929916393
0.6294512742,0.5942756839
0.6352401104,0.5974771399
0.6435160716,0.6010309432
0.6517920328,0.6001916525
0.6575808689,0.5998653597
0.6633697051,0.6016381115
0.6716456663,0.6030170716
0.6810221979,0.6021154937
0.6881975888,0.5933367234
0.6914992999,0.5987337057
0.6997752611,0.598003448
0.7091517927,0.5948002343
0.7174277539,0.5893076954
0.72321659,0.5854843233
0.7290054262,0.5841255161
0.7372813874,0.5806164479
0.7455573486,0.5730873515
0.7513461848,0.567818458
0.757135021,0.5651492298
0.7654109822,0.5595304187
0.7736869434,0.5498939432
0.7794757795,0.5431776736
0.7852646157,0.53918424
0.7935405769,0.5313857233
0.8018165381,0.5195310084
0.808991929,0.5144492193
0.8147807651,0.5059807359
0.8205696013,0.5003658928
0.8288455625,0.4898256231
0.8382220941,0.4757906064
0.845397485,0.4559179282
0.8486991961,0.4580447989
0.8569751573,0.4449666259
0.8663516889,0.4281119841
0.8746276501,0.4097759637
0.8804164862,0.3974941559
0.8862053224,0.3882616453
0.8944812836,0.3712589624
0.9027572448,0.3496783891
0.908546081,0.3354349158
0.9143349172,0.3242848152
0.9226108784,0.303637702
0.9308868396,0.2780411505
0.9366756757,0.2614069966
0.9424645119,0.247855267
0.9507404731,0.2223905139
0.9590164343,0.1912612177
0.9648052705,0.1713199401
0.9705941067,0.154290046
0.9788700679,0.1211779478
0.9871460291,0.08020196904
0.9954219903,0.0575529607
1.002597381,0
1.004798522,0
