# PRBM unitary class, N=2048, b=1.0, 6 realisations, half filling, A = half chain
# S_1 = 13.692144; Fermi-gas identity max rel. deviation = 4.76e-10
q,tau_over_S1,alpha_over_S1,f_over_S1
0.25,-8.832606929,55.92916325,22.81489774
0.2759197324,-7.382937982,51.01177092,21.45809217
0.3018394649,-6.188184022,42.07444435,18.88791179
0.3277591973,-5.201821302,34.77050171,16.59817303
0.3536789298,-4.38569982,28.8033194,14.572827
0.3795986622,-3.708672637,23.92617379,12.7910162
0.4055183946,-3.145379774,19.93594727,11.22977311
0.4314381271,-2.675203799,16.66660198,9.86581134
0.4573578595,-2.281392046,13.98305636,8.676652773
0.483277592,-1.95032964,11.77574933,7.64128542
0.5091973244,-1.670943502,9.955976788,6.740500244
0.5351170569,-1.434217131,8.451979363,5.957015452
0.5610367893,-1.232797415,7.205709659,5.275465626
0.5869565217,-1.060676998,6.170188681,4.682309484
0.6128762542,-0.9129381352,5.307359533,4.165692765
0.6387959866,-0.7855463197,4.586353311,3.715290408
0.6647157191,-0.6751840338,3.982092532,3.322143535
0.6906354515,-0.5791167737,3.474168596,2.978500771
0.7165551839,-0.4950849929,3.045940448,2.677669411
0.7424749164,-0.4212168508,2.683811079,2.413879257
0.7683946488,-0.3559576627,2.376646643,2.182160226
0.7943143813,-0.2980127606,2.115309775,1.978233736
0.8202341137,-0.2463011358,1.89228428,1.798417255
0.8461538462,-0.1999177561,1.701372932,1.639541006
0.8720735786,-0.1581028735,1.537453782,1.498875695
0.897993311,-0.1202169748,1.396283336,1.374070071
0.9239130435,-0.08572029253,1.274337304,1.263097149
0.9498327759,-0.05415601087,1.168681508,1.164208012
0.9757525084,-0.02513646853,1.07686705,1.075892193
1.001672241,0.001668200739,0.9968449913,0.9968437554
1.027591973,0.02653944239,0.9268967916,0.9259322606
1.053511706,0.04971803442,0.8655774603,0.8621779522
1.079431438,0.07141051475,0.8116690131,0.8047305354
1.105351171,0.09179452172,0.7641422779,0.7528510396
1.131270903,0.1110232415,0.7221254871,0.7058963104
1.157190635,0.1292291205,0.6848783964,0.6633057462
1.183110368,0.1465269711,0.6517709091,0.6245899489
1.2090301,0.1630165757,0.6222653863,0.5893210067
1.234949833,0.1787848757,0.5959019741,0.5571241675
1.260869565,0.1939078152,0.5722864078,0.527670699
1.286789298,0.2084518969,0.5510798531,0.5006717602
1.31270903,0.2224754999,0.5319904259,0.4758731361
1.338628763,0.2360299959,0.5147660982,0.4530507092
1.364548495,0.2491606989,0.4991887514,0.4320065606
1.390468227,0.2619076736,0.4850691801,0.4125656093
1.41638796,0.2743064257,0.4722428858,0.394572712
1.442307692,0.2863884921,0.4605665296,0.3778901564
1.468227425,0.2981819481,0.449914932,0.3623954938
1.494147157,0.3097118415,0.4401785319,0.3479796607
1.52006689,0.3210005676,0.4312612304,0.3345453495
1.545986622,0.3320681929,0.4230785554,0.3220055939
1.571906355,0.3429327336,0.4155560984,0.3102825381
1.597826087,0.3536103986,0.4086281789,0.2993063655
1.623745819,0.3641157997,0.4022367018,0.2890143633
1.649665552,0.374462134,0.3963301774,0.2793501069
1.675585284,0.384661344,0.39086288,0.2702627458
1.701505017,0.3947242565,0.3857941227,0.2617063786
1.727424749,0.4046607049,0.3810876332,0.2536395043
1.753344482,0.4144796355,0.3767110136,0.2460245414
1.779264214,0.4241892022,0.3726352729,0.2388274038
1.805183946,0.4337968487,0.3688344217,0.2320171283
1.831103679,0.4433093813,0.3652851197,0.2255655453
1.857023411,0.4527330338,0.3619663694,0.2194469883
1.882943144,0.4620735242,0.3588592484,0.2136380371
1.908862876,0.4713361052,0.3559466757,0.2081172899
1.934782609,0.4805256094,0.3532132074,0.2028651615
1.960702341,0.4896464889,0.3506448574,0.1978637039
1.986622074,0.4987028511,0.3482289395,0.1930964468
2.012541806,0.5076984908,0.3459539296,0.1885482556
2.038461538,0.5166369177,0.343809343,0.1842052046
2.064381271,0.5255213831,0.3417856269,0.1800544637
2.090301003,0.5343549017,0.339874065,0.1760841973
2.116220736,0.5431402728,0.3380666933,0.1722834737
2.142140468,0.5518800982,0.3363562252,0.1686421834
2.168060201,0.5605767995,0.3347359848,0.1651509668
2.193979933,0.5692326325,0.333199848,0.1618011477
2.219899666,0.5778497013,0.3317421898,0.1585846749
2.245819398,0.5864299701,0.330357837,0.1554940684
2.27173913,0.5949752748,0.3290420263,0.1525223719
2.297658863,0.6034873327,0.3277903667,0.1496631086
2.323578595,0.611967752,0.3265988058,0.1469102423
2.349498328,0.62041804,0.3254635992,0.144258142
2.37541806,0.6288396108,0.3243812837,0.1417015489
2.401337793,0.6372337922,0.3233486526,0.1392355476
2.427257525,0.645601832,0.3223627337,0.1368555391
2.453177258,0.6539449038,0.321420769,0.1345572168
2.47909699,0.6622641126,0.3205201973,0.1323365439
2.505016722,0.6705604993,0.3196586377,0.1301897335
2.530936455,0.6788350453,0.3188338743,0.1281132302
2.556856187,0.6870886767,0.3180438437,0.1261036929
2.58277592,0.695322268,0.3172866223,0.1241579798
2.608695652,0.7035366455,0.3165604153,0.1222731335
2.634615385,0.7117325905,0.3158635466,0.1204463689
2.660535117,0.7199108427,0.3151944501,0.1186750605
2.686454849,0.7280721022,0.3145516606,0.116956732
2.712374582,0.7362170325,0.3139338069,0.1152890456
2.738294314,0.7443462627,0.313339604,0.1136697934
2.764214047,0.7524603899,0.3127678477,0.1120968882
2.790133779,0.7605599806,0.312217408,0.1105683559
2.816053512,0.7686455732,0.3116872239,0.1090823281
2.841973244,0.7767176795,0.3111762986,0.1076370355
2.867892977,0.784776786,0.3106836951,0.1062308011
2.893812709,0.792823356,0.3102085316,0.1048620353
2.919732441,0.8008578303,0.3097499782,0.1035292297
2.945652174,0.8088806291,0.3093072528,0.1022309525
2.971571906,0.8168921528,0.3088796184,0.1009658437
2.997491639,0.8248927832,0.3084663798,0.09973261109
3.023411371,0.8328828848,0.3080668809,0.09853002583
3.049331104,0.8408628055,0.3076805019,0.09735691903
3.075250836,0.8488328774,0.3073066576,0.09621217817
3.101170569,0.8567934182,0.3069447942,0.09509474384
3.127090301,0.8647447313,0.3065943883,0.09400360674
3.153010033,0.8726871072,0.3062549443,0.09293780487
3.178929766,0.8806208237,0.3059259928,0.09189642086
3.204849498,0.8885461469,0.3056070892,0.09087857955
3.230769231,0.8964633317,0.305297812,0.08988344562
3.256688963,0.9043726222,0.3049977615,0.08891022148
3.282608696,0.9122742524,0.3047065582,0.08795814523
3.308528428,0.9201684471,0.3044238421,0.08702648874
3.334448161,0.9280554215,0.3041492711,0.08611455591
3.360367893,0.9359353825,0.30388252,0.08522168096
3.386287625,0.9438085287,0.3036232799,0.08434722687
3.412207358,0.9516750509,0.3033712569,0.08349058392
3.43812709,0.9595351324,0.3031261711,0.08265116829
3.464046823,0.9673889494,0.3028877564,0.08182842075
3.489966555,0.9752366716,0.3026557591,0.08102180541
3.515886288,0.983078462,0.3024299376,0.08023080863
3.54180602,0.9909144777,0.3022100616,0.07945493784
3.567725753,0.9987448699,0.3019959115,0.07869372057
3.593645485,1.006569784,0.3017872776,0.07794670346
3.619565217,1.014389361,0.3015839601,0.07721345134
3.64548495,1.022203735,0.3013857681,0.07649354638
3.671404682,1.030013038,0.3011925191,0.07578658723
3.697324415,1.037817394,0.3010040391,0.07509218831
3.723244147,1.045616926,0.3008201614,0.07440997901
3.74916388,1.05341175,0.3006407268,0.07373960305
3.775083612,1.06120198,0.300465583,0.0730807178
3.801003344,1.068987725,0.3002945843,0.07243299365
3.826923077,1.076769091,0.3001275911,0.07179611346
3.852842809,1.084546179,0.29996447,0.07116977196
3.878762542,1.092319089,0.2998050928,0.07055367523
3.904682274,1.100087915,0.2996493371,0.06994754023
3.930602007,1.10785275,0.2994970852,0.06935109429
3.956521739,1.115613683,0.2993482246,0.06876407466
3.982441472,1.123370802,0.299202647,0.06818622809
4.008361204,1.131124189,0.2990602488,0.06761731043
4.034280936,1.138873925,0.2989209305,0.06705708623
4.060200669,1.14662009,0.2987845964,0.06650532838
4.086120401,1.154362759,0.2986511547,0.06596181773
4.112040134,1.162102006,0.2985205174,0.06542634279
4.137959866,1.169837902,0.2983925997,0.06489869943
4.163879599,1.177570518,0.29826732,0.06437869051
4.189799331,1.185299921,0.2981446002,0.06386612564
4.215719064,1.193026175,0.2980243647,0.06336082091
4.241638796,1.200749344,0.2979065412,0.0628625986
4.267558528,1.208469491,0.2977910599,0.06237128695
4.293478261,1.216186674,0.2976778537,0.06188671992
4.319397993,1.223900951,0.2975668577,0.06140873696
4.345317726,1.23161238,0.2974580099,0.06093718278
4.371237458,1.239321015,0.29735125,0.06047190716
4.397157191,1.24702691,0.2972465204,0.06001276476
4.423076923,1.254730116,0.2971437652,0.05955961491
4.448996656,1.262430684,0.2970429307,0.05911232144
4.474916388,1.270128662,0.2969439649,0.0586707525
4.50083612,1.2778241,0.2968468179,0.0582347804
4.526755853,1.285517043,0.2967514414,0.05780428148
4.552675585,1.293207536,0.2966577887,0.05737913589
4.578595318,1.300895624,0.2965658148,0.05695922753
4.60451505,1.308581349,0.2964754763,0.05654444385
4.630434783,1.316264754,0.2963867312,0.05613467573
4.656354515,1.323945878,0.2962995389,0.05572981739
4.682274247,1.331624763,0.2962138602,0.05532976621
4.70819398,1.339301447,0.2961296572,0.05493442265
4.734113712,1.346975966,0.2960468931,0.05454369016
4.760033445,1.354648359,0.2959655327,0.05415747502
4.785953177,1.362318661,0.2958855415,0.05377568626
4.81187291,1.369986907,0.2958068863,0.05339823559
4.837792642,1.377653132,0.2957295351,0.05302503725
4.863712375,1.385317368,0.2956534567,0.05265600799
4.889632107,1.392979649,0.295578621,0.05229106692
4.915551839,1.400640006,0.2955049989,0.05193013545
4.941471572,1.40829847,0.2954325621,0.05157313722
4.967391304,1.415955071,0.2953612831,0.05121999801
4.993311037,1.423609841,0.2952911356,0.05087064567
5.019230769,1.431262806,0.2952220936,0.05052501007
5.045150502,1.438913996,0.2951541324,0.05018302298
5.071070234,1.446563438,0.2950872276,0.04984461807
5.096989967,1.45421116,0.2950213558,0.04950973079
5.122909699,1.461857187,0.2949564944,0.04917829834
5.148829431,1.469501547,0.294892621,0.04885025962
5.174749164,1.477144263,0.2948297144,0.04852555514
5.200668896,1.484785361,0.2947677537,0.04820412699
5.226588629,1.492424866,0.2947067187,0.04788591881
5.252508361,1.5000628,0.2946465896,0.04757087568
5.278428094,1.507699187,0.2945873476,0.04725894413
5.304347826,1.51533405,0.2945289739,0.04695007205
5.330267559,1.522967412,0.2944714507,0.04664420869
5.356187291,1.530599293,0.2944147603,0.04634130458
5.382107023,1.538229715,0.2943588858,0.0460413115
5.408026756,1.5458587,0.2943038107,0.04574418246
5.433946488,1.553486267,0.2942495187,0.04544987161
5.459866221,1.561112438,0.2941959943,0.04515833427
5.485785953,1.56873723,0.2941432223,0.04486952686
5.511705686,1.576360665,0.2940911878,0.04458340684
5.537625418,1.58398276,0.2940398763,0.04429993274
5.563545151,1.591603535,0.2939892738,0.04401906406
5.589464883,1.599223007,0.2939393667,0.0437407613
5.615384615,1.606841194,0.2938901416,0.04346498588
5.641304348,1.614458114,0.2938415856,0.04319170014
5.66722408,1.622073785,0.293793686,0.04292086731
5.693143813,1.629688222,0.2937464305,0.04265245148
5.719063545,1.637301442,0.2936998071,0.04238641757
5.744983278,1.644913463,0.2936538041,0.04212273131
5.77090301,1.652524298,0.2936084101,0.04186135921
5.796822742,1.660133966,0.293563614,0.04160226855
5.822742475,1.667742479,0.293519405,0.04134542733
5.848662207,1.675349854,0.2934757724,0.0410908043
5.87458194,1.682956106,0.293432706,0.04083836887
5.900501672,1.690561249,0.2933901956,0.04058809114
5.926421405,1.698165297,0.2933482316,0.04033994189
5.952341137,1.705768264,0.2933068042,0.04009389249
5.97826087,1.713370165,0.2932659042,0.03984991498
6.004180602,1.720971012,0.2932255224,0.03960798196
6.030100334,1.728570819,0.2931856499,0.03936806663
6.056020067,1.736169599,0.2931462779,0.03913014278
6.081939799,1.743767365,0.2931073981,0.03889418471
6.107859532,1.75136413,0.2930690019,0.03866016729
6.133779264,1.758959905,0.2930310814,0.03842806589
6.159698997,1.766554704,0.2929936287,0.03819785641
6.185618729,1.774148538,0.2929566358,0.03796951522
6.211538462,1.781741419,0.2929200954,0.03774301918
6.237458194,1.789333359,0.2928839999,0.03751834562
6.263377926,1.796924369,0.2928483421,0.03729547232
6.289297659,1.804514461,0.2928131149,0.03707437749
6.315217391,1.812103644,0.2927783114,0.0368550398
6.341137124,1.819691932,0.2927439249,0.03663743829
6.367056856,1.827279333,0.2927099486,0.03642155246
6.392976589,1.834865859,0.2926763762,0.03620736216
6.418896321,1.842451519,0.2926432011,0.03599484766
6.444816054,1.850036326,0.2926104173,0.03578398958
6.470735786,1.857620287,0.2925780187,0.03557476893
6.496655518,1.865203414,0.2925459993,0.03536716704
6.522575251,1.872785715,0.2925143532,0.03516116563
6.548494983,1.880367201,0.2924830748,0.03495674672
6.574414716,1.887947881,0.2924521584,0.03475389269
6.600334448,1.895527764,0.2924215986,0.0345525862
6.626254181,1.90310686,0.29239139,0.03435281027
6.652173913,1.910685178,0.2923615274,0.03415454819
6.678093645,1.918262725,0.2923320056,0.03395778355
6.704013378,1.925839512,0.2923028195,0.03376250025
6.72993311,1.933415547,0.2922739643,0.03356868245
6.755852843,1.940990838,0.292245435,0.03337631459
6.781772575,1.948565394,0.2922172269,0.03318538139
6.807692308,1.956139223,0.2921893354,0.0329958678
6.83361204,1.963712333,0.2921617558,0.03280775907
6.859531773,1.971284732,0.2921344837,0.03262104067
6.885451505,1.978856428,0.2921075147,0.03243569831
6.911371237,1.986427429,0.2920808444,0.03225171794
6.93729097,1.993997743,0.2920544687,0.03206908575
6.963210702,2.001567377,0.2920283834,0.03188778815
6.989130435,2.009136338,0.2920025844,0.03170781177
7.015050167,2.016704634,0.2919770677,0.03152914345
7.0409699,2.024272273,0.2919518294,0.03135177025
7.066889632,2.031839261,0.2919268657,0.03117567943
7.092809365,2.039405605,0.2919021727,0.03100085844
7.118729097,2.046971313,0.2918777467,0.03082729494
7.144648829,2.054536392,0.2918535842,0.03065497677
7.170568562,2.062100847,0.2918296814,0.03048389196
7.196488294,2.069664686,0.291806035,0.03031402873
7.222408027,2.077227916,0.2917826414,0.03014537546
7.248327759,2.084790542,0.2917594972,0.02997792072
7.274247492,2.092352572,0.2917365992,0.02981165325
7.300167224,2.099914011,0.2917139441,0.02964656194
7.326086957,2.107474867,0.2916915285,0.02948263586
7.352006689,2.115035144,0.2916693495,0.02931986422
7.377926421,2.12259485,0.2916474038,0.02915823641
7.403846154,2.130153989,0.2916256884,0.02899774195
7.429765886,2.137712569,0.2916042003,0.02883837052
7.455685619,2.145270595,0.2915829366,0.02868011194
7.481605351,2.152828073,0.2915618943,0.02852295617
7.507525084,2.160385008,0.2915410707,0.02836689332
7.533444816,2.167941406,0.2915204628,0.02821191362
7.559364548,2.175497273,0.291500068,0.02805800745
7.585284281,2.183052613,0.2914798835,0.02790516532
7.611204013,2.190607434,0.2914599067,0.02775337784
7.637123746,2.198161739,0.2914401349,0.02760263578
7.663043478,2.205715534,0.2914205656,0.02745293001
7.688963211,2.213268825,0.2914011961,0.02730425153
7.714882943,2.220821616,0.2913820241,0.02715659145
7.740802676,2.228373913,0.2913630471,0.02700994101
7.766722408,2.235925721,0.2913442626,0.02686429154
7.79264214,2.243477044,0.2913256682,0.0267196345
7.818561873,2.251027888,0.2913072616,0.02657596144
7.844481605,2.258578257,0.2912890406,0.02643326404
7.870401338,2.266128156,0.2912710028,0.02629153406
7.89632107,2.27367759,0.2912531459,0.02615076338
7.922240803,2.281226563,0.2912354679,0.02601094397
7.948160535,2.28877508,0.2912179665,0.02587206789
7.974080268,2.296323146,0.2912006395,0.02573412731
8,2.303870766,0.2911920194,0.02566538993
