# Delta_q = 2q(1-q)[b0 + b1 (q-1/2)^2], b0=0.1291, b1=0.0029, d=2 (Evers-Mildenberger-Mirlin 2008)
q,alpha,f
-2.5,4.164051989,-0.6941299732
-2.495,4.161207454,-0.6870328582
-2.49,4.155523591,-0.6728658161
-2.485,4.149850133,-0.6587530764
-2.48,4.144187063,-0.6446944916
-2.475,4.138534363,-0.6306899149
-2.47,4.132892016,-0.6167391995
-2.465,4.127260005,-0.602842199
-2.46,4.121638312,-0.5889987671
-2.455,4.11602692,-0.5752087579
-2.45,4.110425811,-0.5614720257
-2.445,4.104834968,-0.5477884251
-2.44,4.099254374,-0.534157811
-2.435,4.093684011,-0.5205800384
-2.43,4.088123862,-0.5070549627
-2.425,4.082573909,-0.4935824396
-2.42,4.077034135,-0.4801623248
-2.415,4.071504523,-0.4667944746
-2.41,4.065985055,-0.4534787454
-2.405,4.060475714,-0.4402149938
-2.4,4.054976482,-0.4270030768
-2.395,4.049487342,-0.4138428515
-2.39,4.044008277,-0.4007341755
-2.385,4.038539269,-0.3876769063
-2.38,4.033080301,-0.374670902
-2.375,4.027631355,-0.3617160209
-2.37,4.022192414,-0.3488121213
-2.365,4.016763461,-0.3359590621
-2.36,4.011344478,-0.3231567024
-2.355,4.005935448,-0.3104049012
-2.35,4.000536353,-0.2977035183
-2.345,3.995147176,-0.2850524134
-2.34,3.9897679,-0.2724514465
-2.335,3.984398507,-0.259900478
-2.33,3.97903898,-0.2473993685
-2.325,3.973689301,-0.2349479788
-2.32,3.968349453,-0.22254617
-2.315,3.963019419,-0.2101938035
-2.31,3.957699181,-0.1978907409
-2.305,3.952388722,-0.1856368441
-2.3,3.947088024,-0.1734319752
-2.295,3.94179707,-0.1612759967
-2.29,3.936515843,-0.1491687712
-2.285,3.931244325,-0.1371101616
-2.28,3.925982499,-0.1251000312
-2.275,3.920730347,-0.1131382434
-2.27,3.915487852,-0.1012246619
-2.265,3.910254997,-0.08935915071
-2.26,3.905031764,-0.07754157403
-2.255,3.899818136,-0.06577179638
-2.25,3.894614095,-0.0540496825
-2.245,3.889419624,-0.04237509743
-2.24,3.884234706,-0.03074790643
-2.235,3.879059323,-0.01916797506
-2.23,3.873893458,-0.007635169116
-2.225,3.868737093,0.003850645341
-2.22,3.863590211,0.01528960198
-2.215,3.858452795,0.02668183423
-2.21,3.853324827,0.03802747523
-2.205,3.84820629,0.04932665787
-2.2,3.843097166,0.0605795148
-2.195,3.837997438,0.07178617837
-2.19,3.832907089,0.08294678071
-2.185,3.827826101,0.09406145365
-2.18,3.822754457,0.1051303288
-2.175,3.817692139,0.1161535374
-2.17,3.81263913,0.1271312107
-2.165,3.807595413,0.1380634793
-2.16,3.80256097,0.1489504739
-2.155,3.797535784,0.1597923247
-2.15,3.792519837,0.1705891617
-2.145,3.787513112,0.1813411147
-2.14,3.782515592,0.1920483132
-2.135,3.777527259,0.2027108865
-2.13,3.772548096,0.2133289635
-2.125,3.767578085,0.2239026729
-2.12,3.762617209,0.2344321432
-2.115,3.757665451,0.2449175026
-2.11,3.752722793,0.2553588789
-2.105,3.747789218,0.2657564
-2.1,3.742864708,0.2761101932
-2.095,3.737949246,0.2864203856
-2.09,3.733042815,0.2966871042
-2.085,3.728145397,0.3069104755
-2.08,3.723256975,0.317090626
-2.075,3.718377531,0.3272276817
-2.07,3.713507048,0.3373217685
-2.065,3.708645509,0.3473730119
-2.06,3.703792896,0.3573815374
-2.055,3.698949192,0.3673474699
-2.05,3.694114379,0.3772709343
-2.045,3.68928844,0.3871520551
-2.04,3.684471358,0.3969909565
-2.035,3.679663115,0.4067877627
-2.03,3.674863694,0.4165425973
-2.025,3.670073077,0.4262555838
-2.02,3.665291247,0.4359268456
-2.015,3.660518187,0.4455565055
-2.01,3.655753879,0.4551446863
-2.005,3.650998306,0.4646915104
-2,3.64625145,0.4741971
-1.995,3.641513294,0.4836615771
-1.99,3.636783821,0.4930850633
-1.985,3.632063013,0.50246768
-1.98,3.627350853,0.5118095484
-1.975,3.622647323,0.5211107893
-1.97,3.617952406,0.5303715235
-1.965,3.613266085,0.5395918712
-1.96,3.608588342,0.5487719525
-1.955,3.60391916,0.5579118874
-1.95,3.599258521,0.5670117953
-1.945,3.594606408,0.5760717956
-1.94,3.589962804,0.5850920074
-1.935,3.585327691,0.5940725494
-1.93,3.580701052,0.6030135403
-1.925,3.576082869,0.6119150982
-1.92,3.571473125,0.6207773412
-1.915,3.566871803,0.629600387
-1.91,3.562278885,0.6383843532
-1.905,3.557694354,0.6471293569
-1.9,3.553118192,0.6558355152
-1.895,3.548550382,0.6645029447
-1.89,3.543990907,0.6731317619
-1.885,3.539439749,0.6817220831
-1.88,3.534896891,0.690274024
-1.875,3.530362315,0.6987877004
-1.87,3.525836004,0.7072632277
-1.865,3.521317941,0.715700721
-1.86,3.516808108,0.7241002952
-1.855,3.512306488,0.732462065
-1.85,3.507813063,0.7407861447
-1.845,3.503327816,0.7490726484
-1.84,3.49885073,0.7573216899
-1.835,3.494381787,0.7655333828
-1.83,3.48992097,0.7737078405
-1.825,3.485468261,0.7818451759
-1.82,3.481023643,0.789945502
-1.815,3.476587099,0.7980089311
-1.81,3.472158611,0.8060355757
-1.805,3.467738162,0.8140255477
-1.8,3.463325734,0.8219789588
-1.795,3.45892131,0.8298959206
-1.79,3.454524873,0.8377765442
-1.785,3.450136405,0.8456209407
-1.78,3.445755889,0.8534292208
-1.775,3.441383307,0.8612014948
-1.77,3.437018642,0.8689378731
-1.765,3.432661877,0.8766384654
-1.76,3.428312994,0.8843033816
-1.755,3.423971976,0.8919327309
-1.75,3.419638805,0.8995266225
-1.745,3.415313464,0.9070851653
-1.74,3.410995936,0.914608468
-1.735,3.406686203,0.9220966388
-1.73,3.402384248,0.9295497859
-1.725,3.398090053,0.9369680171
-1.72,3.393803601,0.94435144
-1.715,3.389524875,0.9517001619
-1.71,3.385253857,0.9590142898
-1.705,3.38099053,0.9662939306
-1.7,3.376734876,0.9735391908
-1.695,3.372486878,0.9807501766
-1.69,3.368246519,0.9879269941
-1.685,3.364013781,0.995069749
-1.68,3.359788647,1.002178547
-1.675,3.355571099,1.009253493
-1.67,3.35136112,1.016294692
-1.665,3.347158693,1.023302248
-1.66,3.3429638,1.030276267
-1.655,3.338776424,1.037216853
-1.65,3.334596547,1.044124109
-1.645,3.330424152,1.050998138
-1.64,3.326259222,1.057839046
-1.635,3.322101739,1.064646933
-1.63,3.317951686,1.071421904
-1.625,3.313809045,1.078164062
-1.62,3.309673799,1.084873507
-1.615,3.305545931,1.091550343
-1.61,3.301425423,1.098194672
-1.605,3.297312258,1.104806594
-1.6,3.293206418,1.111386211
-1.595,3.289107886,1.117933625
-1.59,3.285016645,1.124448936
-1.585,3.280932677,1.130932244
-1.58,3.276855965,1.13738365
-1.575,3.272786491,1.143803254
-1.57,3.268724238,1.150191155
-1.565,3.264669189,1.156547454
-1.56,3.260621326,1.162872249
-1.555,3.256580632,1.169165639
-1.55,3.252547089,1.175427723
-1.545,3.24852068,1.1816586
-1.54,3.244501388,1.187858367
-1.535,3.240489195,1.194027123
-1.53,3.236484084,1.200164964
-1.525,3.232486037,1.20627199
-1.52,3.228495037,1.212348296
-1.515,3.224511067,1.218393979
-1.51,3.220534109,1.224409137
-1.505,3.216564146,1.230393865
-1.5,3.21260116,1.23634826
-1.495,3.208645134,1.242272417
-1.49,3.204696051,1.248166433
-1.485,3.200753893,1.254030401
-1.48,3.196818643,1.259864418
-1.475,3.192890283,1.265668579
-1.47,3.188968796,1.271442976
-1.465,3.185054165,1.277187706
-1.46,3.181146372,1.282902862
-1.455,3.1772454,1.288588538
-1.45,3.173351231,1.294244826
-1.445,3.169463848,1.299871821
-1.44,3.165583234,1.305469616
-1.435,3.161709371,1.311038302
-1.43,3.157842242,1.316577973
-1.425,3.153981829,1.322088721
-1.42,3.150128115,1.327570637
-1.415,3.146281083,1.333023814
-1.41,3.142440715,1.338448342
-1.405,3.138606994,1.343844313
-1.4,3.134779902,1.349211817
-1.395,3.130959422,1.354550946
-1.39,3.127145537,1.359861789
-1.385,3.123338229,1.365144437
-1.38,3.119537481,1.37039898
-1.375,3.115743275,1.375625507
-1.37,3.111955594,1.380824107
-1.365,3.108174421,1.385994869
-1.36,3.104399738,1.391137883
-1.355,3.100631528,1.396253236
-1.35,3.096869773,1.401341018
-1.345,3.093114456,1.406401315
-1.34,3.08936556,1.411434216
-1.335,3.085623067,1.416439809
-1.33,3.08188696,1.421418179
-1.325,3.078157221,1.426369416
-1.32,3.074433833,1.431293604
-1.315,3.070716779,1.436190831
-1.31,3.067006041,1.441061182
-1.305,3.063301602,1.445904744
-1.3,3.059603444,1.450721603
-1.295,3.05591155,1.455511843
-1.29,3.052225903,1.46027555
-1.285,3.048546485,1.465012808
-1.28,3.044873279,1.469723703
-1.275,3.041206267,1.474408318
-1.27,3.037545432,1.479066738
-1.265,3.033890757,1.483699047
-1.26,3.030242224,1.488305327
-1.255,3.026599816,1.492885663
-1.25,3.022963515,1.497440137
-1.245,3.019333304,1.501968833
-1.24,3.015709166,1.506471832
-1.235,3.012091083,1.510949218
-1.23,3.008479038,1.515401071
-1.225,3.004873013,1.519827474
-1.22,3.001272991,1.524228508
-1.215,2.997678955,1.528604255
-1.21,2.994090887,1.532954794
-1.205,2.99050877,1.537280208
-1.2,2.986932586,1.541580577
-1.195,2.983362318,1.54585598
-1.19,2.979797949,1.550106498
-1.185,2.976239461,1.554332209
-1.18,2.972686837,1.558533195
-1.175,2.969140059,1.562709533
-1.17,2.96559911,1.566861303
-1.165,2.962063973,1.570988583
-1.16,2.95853463,1.575091451
-1.155,2.955011064,1.579169986
-1.15,2.951493257,1.583224266
-1.145,2.947981192,1.587254367
-1.14,2.944474852,1.591260368
-1.135,2.940974219,1.595242345
-1.13,2.937479276,1.599200375
-1.125,2.933990005,1.603134535
-1.12,2.930506389,1.607044901
-1.115,2.927028411,1.610931549
-1.11,2.923556053,1.614794554
-1.105,2.920089298,1.618633993
-1.1,2.916628128,1.622449939
-1.095,2.913172526,1.626242469
-1.09,2.909722475,1.630011657
-1.085,2.906277957,1.633757577
-1.08,2.902838955,1.637480304
-1.075,2.899405451,1.641179911
-1.07,2.895977428,1.644856472
-1.065,2.892554869,1.648510061
-1.06,2.889137756,1.652140751
-1.055,2.885726072,1.655748613
-1.05,2.882319799,1.659333722
-1.045,2.87891892,1.66289615
-1.04,2.875523418,1.666435967
-1.035,2.872133275,1.669953247
-1.03,2.868748474,1.673448061
-1.025,2.865368997,1.67692048
-1.02,2.861994827,1.680370576
-1.015,2.858625947,1.683798418
-1.01,2.855262339,1.687204077
-1.005,2.851903986,1.690587625
-1,2.84855087,1.69394913
-0.995,2.845202974,1.697288663
-0.99,2.841860281,1.700606292
-0.985,2.838522773,1.703902088
-0.98,2.835190433,1.707176118
-0.975,2.831863243,1.710428453
-0.97,2.828541186,1.713659159
-0.965,2.825224245,1.716868306
-0.96,2.821912402,1.720055962
-0.955,2.81860564,1.723222193
-0.95,2.815303941,1.726367067
-0.945,2.812007288,1.729490652
-0.94,2.808715664,1.732593014
-0.935,2.805429051,1.73567422
-0.93,2.802147432,1.738734336
-0.925,2.798870789,1.741773429
-0.92,2.795599105,1.744791563
-0.915,2.792332363,1.747788805
-0.91,2.789070545,1.75076522
-0.905,2.785813634,1.753720873
-0.9,2.782561612,1.756655829
-0.895,2.779314462,1.759570152
-0.89,2.776072167,1.762463907
-0.885,2.772834709,1.765337157
-0.88,2.769602071,1.768189966
-0.875,2.766374235,1.771022398
-0.87,2.763151184,1.773834516
-0.865,2.759932901,1.776626382
-0.86,2.756719368,1.77939806
-0.855,2.753510568,1.782149613
-0.85,2.750306483,1.784881101
-0.845,2.747107096,1.787592587
-0.84,2.74391239,1.790284133
-0.835,2.740722347,1.7929558
-0.83,2.73753695,1.795607648
-0.825,2.734356181,1.79823974
-0.82,2.731180023,1.800852136
-0.815,2.728008459,1.803444895
-0.81,2.724841471,1.806018079
-0.805,2.721679042,1.808571746
-0.8,2.718521154,1.811105957
-0.795,2.71536779,1.81362077
-0.79,2.712218933,1.816116245
-0.785,2.709074565,1.81859244
-0.78,2.705934669,1.821049415
-0.775,2.702799227,1.823487226
-0.77,2.699668222,1.825905933
-0.765,2.696541637,1.828305593
-0.76,2.693419454,1.830686263
-0.755,2.690301656,1.833048
-0.75,2.687188225,1.835390863
-0.745,2.684079144,1.837714906
-0.74,2.680974396,1.840020187
-0.735,2.677873963,1.842306761
-0.73,2.674777828,1.844574686
-0.725,2.671685973,1.846824016
-0.72,2.668598381,1.849054806
-0.715,2.665515035,1.851267112
-0.71,2.662435917,1.853460989
-0.705,2.65936101,1.855636491
-0.7,2.656290296,1.857793673
-0.695,2.653223758,1.859932588
-0.69,2.650161379,1.862053291
-0.685,2.647103141,1.864155835
-0.68,2.644049027,1.866240273
-0.675,2.640999019,1.868306658
-0.67,2.6379531,1.870355044
-0.665,2.634911253,1.872385482
-0.66,2.63187346,1.874398025
-0.655,2.628839704,1.876392724
-0.65,2.625809967,1.878369633
-0.645,2.622784232,1.880328801
-0.64,2.619762482,1.88227028
-0.635,2.616744699,1.884194122
-0.63,2.613730866,1.886100376
-0.625,2.610720965,1.887989094
-0.62,2.607714979,1.889860325
-0.615,2.604712891,1.89171412
-0.61,2.601714683,1.893550527
-0.605,2.598720338,1.895369596
-0.6,2.595729838,1.897171377
-0.595,2.592743166,1.898955918
-0.59,2.589760305,1.900723268
-0.585,2.586781237,1.902473476
-0.58,2.583805945,1.904206588
-0.575,2.580834411,1.905922653
-0.57,2.577866618,1.907621719
-0.565,2.574902549,1.909303833
-0.56,2.571942186,1.910969042
-0.555,2.568985512,1.912617393
-0.55,2.566032509,1.914248931
-0.545,2.56308316,1.915863704
-0.54,2.560137448,1.917461758
-0.535,2.557195355,1.919043137
-0.53,2.554256864,1.920607888
-0.525,2.551321957,1.922156056
-0.52,2.548390617,1.923687686
-0.515,2.545462827,1.925202821
-0.51,2.542538569,1.926701508
-0.505,2.539617826,1.92818379
-0.5,2.53670058,1.92964971
-0.495,2.533786814,1.931099313
-0.49,2.530876511,1.932532641
-0.485,2.527969653,1.933949739
-0.48,2.525066223,1.935350648
-0.475,2.522166203,1.936735412
-0.47,2.519269576,1.938104072
-0.465,2.516376325,1.939456672
-0.46,2.513486432,1.940793251
-0.455,2.51059988,1.942113853
-0.45,2.507716651,1.943418518
-0.445,2.504836728,1.944707288
-0.44,2.501960094,1.945980203
-0.435,2.499086731,1.947237303
-0.43,2.496216622,1.948478629
-0.425,2.493349749,1.949704221
-0.42,2.490486095,1.950914119
-0.415,2.487625643,1.952108362
-0.41,2.484768375,1.953286989
-0.405,2.481914274,1.954450039
-0.4,2.479063322,1.955597551
-0.395,2.476215502,1.956729563
-0.39,2.473370797,1.957846114
-0.385,2.470529189,1.958947241
-0.38,2.467690661,1.960032982
-0.375,2.464855195,1.961103374
-0.37,2.462022774,1.962158455
-0.365,2.459193381,1.96319826
-0.36,2.456366998,1.964222828
-0.355,2.453543608,1.965232194
-0.35,2.450723193,1.966226394
-0.345,2.447905736,1.967205464
-0.34,2.44509122,1.968169439
-0.335,2.442279627,1.969118355
-0.33,2.43947094,1.970052247
-0.325,2.436665141,1.97097115
-0.32,2.433862213,1.971875098
-0.315,2.431062139,1.972764125
-0.31,2.428264901,1.973638266
-0.305,2.425470482,1.974497553
-0.3,2.422678864,1.975342021
-0.295,2.41989003,1.976171702
-0.29,2.417103963,1.97698663
-0.285,2.414320645,1.977786838
-0.28,2.411540059,1.978572357
-0.275,2.408762187,1.97934322
-0.27,2.405987012,1.980099458
-0.265,2.403214517,1.980841104
-0.26,2.400444684,1.981568188
-0.255,2.397677496,1.982280743
-0.25,2.394912935,1.982978798
-0.245,2.392150984,1.983662384
-0.24,2.389391626,1.984331531
-0.235,2.386634843,1.98498627
-0.23,2.383880618,1.985626631
-0.225,2.381128933,1.986252642
-0.22,2.378379771,1.986864334
-0.215,2.375633115,1.987461735
-0.21,2.372888947,1.988044874
-0.205,2.37014725,1.988613779
-0.2,2.367408006,1.989168479
-0.195,2.364671198,1.989709001
-0.19,2.361936809,1.990235374
-0.185,2.359204821,1.990747625
-0.18,2.356475217,1.991245781
-0.175,2.353747979,1.991729868
-0.17,2.35102309,1.992199915
-0.165,2.348300533,1.992655946
-0.16,2.34558029,1.993097988
-0.155,2.342862344,1.993526068
-0.15,2.340146677,1.99394021
-0.145,2.337433272,1.99434044
-0.14,2.334722112,1.994726783
-0.135,2.332013179,1.995099264
-0.13,2.329306456,1.995457907
-0.125,2.326601925,1.995802738
-0.12,2.323899569,1.996133779
-0.115,2.321199371,1.996451055
-0.11,2.318501313,1.996754589
-0.105,2.315805378,1.997044405
-0.1,2.313111548,1.997320525
-0.095,2.310419806,1.997582973
-0.09,2.307730135,1.99783177
-0.085,2.305042517,1.998066939
-0.08,2.302356935,1.998288502
-0.075,2.299673371,1.998496481
-0.07,2.296991808,1.998690896
-0.065,2.294312229,1.998871771
-0.06,2.291634616,1.999039124
-0.055,2.288958952,1.999192977
-0.05,2.286285219,1.99933335
-0.045,2.2836134,1.999460264
-0.04,2.280943478,1.999573738
-0.035,2.278275435,1.999673792
-0.03,2.275609254,1.999760445
-0.025,2.272944917,1.999833717
-0.02,2.270282407,1.999893626
-0.015,2.267621707,1.99994019
-0.01,2.264962799,1.999973429
-0.005,2.262305666,1.999993359
0,2.25965029,2
0.005,2.256996654,1.999993368
0.01,2.254344741,1.999973481
0.015,2.251694533,1.999940355
0.02,2.249046013,1.999894008
0.025,2.246399163,1.999834456
0.03,2.243753966,1.999761715
0.035,2.241110405,1.999675802
0.04,2.238468462,1.999576731
0.045,2.23582812,1.999464518
0.05,2.233189361,1.999339179
0.055,2.230552168,1.999200729
0.06,2.227916524,1.999049181
0.065,2.225282411,1.998884551
0.07,2.222649812,1.998706852
0.075,2.220018709,1.998516099
0.08,2.217389085,1.998312305
0.085,2.214760923,1.998095484
0.09,2.212134205,1.997865648
0.095,2.209508914,1.99762281
0.1,2.206885032,1.997366983
0.105,2.204262542,1.99709818
0.11,2.201641427,1.996816412
0.115,2.199021669,1.99652169
0.12,2.196403251,1.996214028
0.125,2.193786155,1.995893435
0.13,2.191170364,1.995559924
0.135,2.188555861,1.995213504
0.14,2.185942628,1.994854186
0.145,2.183330648,1.99448198
0.15,2.180719903,1.994096897
0.155,2.178110376,1.993698945
0.16,2.17550205,1.993288135
0.165,2.172894907,1.992864476
0.17,2.17028893,1.992427976
0.175,2.167684101,1.991978645
0.18,2.165080403,1.99151649
0.185,2.162477819,1.99104152
0.19,2.159876331,1.990553742
0.195,2.157275922,1.990053165
0.2,2.154676574,1.989539795
0.205,2.15207827,1.98901364
0.21,2.149480993,1.988474706
0.215,2.146884725,1.987923
0.22,2.144289449,1.987358529
0.225,2.141695147,1.986781298
0.23,2.139101802,1.986191313
0.235,2.136509397,1.98558858
0.24,2.133917914,1.984973104
0.245,2.131327336,1.98434489
0.25,2.128737645,1.983703943
0.255,2.126148824,1.983050266
0.26,2.123560856,1.982383866
0.265,2.120973723,1.981704744
0.27,2.118387408,1.981012906
0.275,2.115801893,1.980308354
0.28,2.113217161,1.979591092
0.285,2.110633195,1.978861122
0.29,2.108049977,1.978118448
0.295,2.10546749,1.977363072
0.3,2.102885716,1.976594995
0.305,2.100304638,1.97581422
0.31,2.097724239,1.975020748
0.315,2.095144501,1.97421458
0.32,2.092565407,1.973395719
0.325,2.089986939,1.972564164
0.33,2.08740908,1.971719916
0.335,2.084831813,1.970862975
0.34,2.08225512,1.969993342
0.345,2.079678984,1.969111016
0.35,2.077103387,1.968215997
0.355,2.074528312,1.967308283
0.36,2.071953742,1.966387875
0.365,2.069379659,1.965454771
0.37,2.066806046,1.964508968
0.375,2.064232885,1.963550467
0.38,2.061660159,1.962579263
0.385,2.059087851,1.961595356
0.39,2.056515943,1.960598742
0.395,2.053944418,1.959589419
0.4,2.051373258,1.958567383
0.405,2.048802446,1.957532632
0.41,2.046231965,1.956485161
0.415,2.043661797,1.955424967
0.42,2.041091925,1.954352046
0.425,2.038522331,1.953266393
0.43,2.035952998,1.952168003
0.435,2.033383909,1.951056873
0.44,2.030815046,1.949932995
0.445,2.028246392,1.948796366
0.45,2.025677929,1.947646979
0.455,2.02310964,1.946484829
0.46,2.020541508,1.945309909
0.465,2.017973515,1.944122212
0.47,2.015405644,1.942921732
0.475,2.012837877,1.941708463
0.48,2.010270197,1.940482396
0.485,2.007702587,1.939243524
0.49,2.005135029,1.937991839
0.495,2.002567506,1.936727334
0.5,2,1.93545
0.505,1.997432494,1.934159828
0.51,1.994864971,1.93285681
0.515,1.992297413,1.931540937
0.52,1.989729803,1.930212198
0.525,1.987162123,1.928870586
0.53,1.984594356,1.927516088
0.535,1.982026485,1.926148697
0.54,1.979458492,1.924768401
0.545,1.97689036,1.923375189
0.55,1.974322071,1.92196905
0.555,1.971753608,1.920549974
0.56,1.969184954,1.919117949
0.565,1.966616091,1.917672964
0.57,1.964047002,1.916215005
0.575,1.961477669,1.914744062
0.58,1.958908075,1.913260121
0.585,1.956338203,1.91176317
0.59,1.953768035,1.910253196
0.595,1.951197554,1.908730186
0.6,1.948626742,1.907194125
0.605,1.946055582,1.905645001
0.61,1.943484057,1.904082799
0.615,1.940912149,1.902507505
0.62,1.938339841,1.900919104
0.625,1.935767115,1.899317582
0.63,1.933193954,1.897702923
0.635,1.930620341,1.896075112
0.64,1.928046258,1.894434133
0.645,1.925471688,1.892779971
0.65,1.922896613,1.89111261
0.655,1.920321016,1.889432032
0.66,1.91774488,1.887738222
0.665,1.915168187,1.886031162
0.67,1.91259092,1.884310835
0.675,1.910013061,1.882577225
0.68,1.907434593,1.880830312
0.685,1.904855499,1.879070079
0.69,1.902275761,1.877296509
0.695,1.899695362,1.875509581
0.7,1.897114284,1.873709279
0.705,1.89453251,1.871895582
0.71,1.891950023,1.870068471
0.715,1.889366805,1.868227927
0.72,1.886782839,1.866373931
0.725,1.884198107,1.864506461
0.73,1.881612592,1.862625498
0.735,1.879026277,1.860731021
0.74,1.876439144,1.85882301
0.745,1.873851176,1.856901442
0.75,1.871262355,1.854966297
0.755,1.868672664,1.853017554
0.76,1.866082086,1.85105519
0.765,1.863490603,1.849079183
0.77,1.860898198,1.847089511
0.775,1.858304853,1.845086151
0.78,1.855710551,1.84306908
0.785,1.853115275,1.841038275
0.79,1.850519007,1.838993713
0.795,1.84792173,1.836935369
0.8,1.845323426,1.834863221
0.805,1.842724078,1.832777243
0.81,1.840123669,1.830677411
0.815,1.837522181,1.828563701
0.82,1.834919597,1.826436087
0.825,1.832315899,1.824294544
0.83,1.82971107,1.822139047
0.835,1.827105093,1.819969569
0.84,1.82449795,1.817786085
0.845,1.821889624,1.815588569
0.85,1.819280097,1.813376994
0.855,1.816669352,1.811151332
0.86,1.814057372,1.808911558
0.865,1.811444139,1.806657643
0.87,1.808829636,1.804389559
0.875,1.806213845,1.80210728
0.88,1.803596749,1.799810777
0.885,1.800978331,1.797500021
0.89,1.798358573,1.795174985
0.895,1.795737458,1.792835638
0.9,1.793114968,1.790481951
0.905,1.790491086,1.788113896
0.91,1.787865795,1.785731443
0.915,1.785239077,1.783334561
0.92,1.782610915,1.78092322
0.925,1.779981291,1.77849739
0.93,1.777350188,1.77605704
0.935,1.774717589,1.77360214
0.94,1.772083476,1.771132657
0.945,1.769447832,1.76864856
0.95,1.766810639,1.766149818
0.955,1.76417188,1.763636399
0.96,1.761531538,1.761108269
0.965,1.758889595,1.758565397
0.97,1.756246034,1.756007749
0.975,1.753600837,1.753435293
0.98,1.750953987,1.750847996
0.985,1.748305467,1.748245822
0.99,1.745655259,1.74562874
0.995,1.743003346,1.742996714
1,1.74034971,1.74034971
1.005,1.737694334,1.737687694
1.01,1.735037201,1.73501063
1.015,1.732378293,1.732318483
1.02,1.729717593,1.729611218
1.025,1.727055083,1.7268888
1.03,1.724390746,1.724151191
1.035,1.721724565,1.721398357
1.04,1.719056522,1.71863026
1.045,1.7163866,1.715846864
1.05,1.713714781,1.713048131
1.055,1.711041048,1.710234025
1.06,1.708365384,1.707404508
1.065,1.705687771,1.704559542
1.07,1.703008192,1.701699088
1.075,1.700326629,1.69882311
1.08,1.697643065,1.695931567
1.085,1.694957483,1.693024422
1.09,1.692269865,1.690101635
1.095,1.689580194,1.687163166
1.1,1.686888452,1.684208977
1.105,1.684194622,1.681239027
1.11,1.681498687,1.678253276
1.115,1.678800629,1.675251684
1.12,1.676100431,1.67223421
1.125,1.673398075,1.669200813
1.13,1.670693544,1.666151452
1.135,1.667986821,1.663086085
1.14,1.665277888,1.660004671
1.145,1.662566728,1.656907168
1.15,1.659853323,1.653793533
1.155,1.657137656,1.650663724
1.16,1.65441971,1.647517698
1.165,1.651699467,1.644355413
1.17,1.64897691,1.641176824
1.175,1.646252021,1.637981889
1.18,1.643524783,1.634770564
1.185,1.640795179,1.631542804
1.19,1.638063191,1.628298565
1.195,1.635328802,1.625037803
1.2,1.632591994,1.621760473
1.205,1.62985275,1.618466529
1.21,1.627111053,1.615155927
1.215,1.624366885,1.61182862
1.22,1.621620229,1.608484563
1.225,1.618871067,1.605123709
1.23,1.616119382,1.601746013
1.235,1.613365157,1.598351427
1.24,1.610608374,1.594939905
1.245,1.607849016,1.591511399
1.25,1.605087065,1.588065862
1.255,1.602322504,1.584603247
1.26,1.599555316,1.581123504
1.265,1.596785483,1.577626587
1.27,1.594012988,1.574112446
1.275,1.591237813,1.570581033
1.28,1.588459941,1.567032298
1.285,1.585679355,1.563466193
1.29,1.582896037,1.559882667
1.295,1.58010997,1.556281672
1.3,1.577321136,1.552663157
1.305,1.574529518,1.549027071
1.31,1.571735099,1.545373365
1.315,1.568937861,1.541701986
1.32,1.566137787,1.538012885
1.325,1.563334859,1.534306009
1.33,1.56052906,1.530581308
1.335,1.557720373,1.526838728
1.34,1.55490878,1.523078219
1.345,1.552094264,1.519299727
1.35,1.549276807,1.515503201
1.355,1.546456392,1.511688586
1.36,1.543633002,1.50785583
1.365,1.540806619,1.504004879
1.37,1.537977226,1.50013568
1.375,1.535144805,1.496248179
1.38,1.532309339,1.492342321
1.385,1.529470811,1.488418052
1.39,1.526629203,1.484475317
1.395,1.523784498,1.480514061
1.4,1.520936678,1.476534229
1.405,1.518085726,1.472535765
1.41,1.515231625,1.468518614
1.415,1.512374357,1.464482719
1.42,1.509513905,1.460428024
1.425,1.506650251,1.456354472
1.43,1.503783378,1.452262007
1.435,1.500913269,1.448150572
1.44,1.498039906,1.444020109
1.445,1.495163272,1.43987056
1.45,1.492283349,1.435701867
1.455,1.48940012,1.431513973
1.46,1.486513568,1.427306819
1.465,1.483623675,1.423080347
1.47,1.480730424,1.418834496
1.475,1.477833797,1.414569209
1.48,1.474933777,1.410284426
1.485,1.472030347,1.405980086
1.49,1.469123489,1.40165613
1.495,1.466213186,1.397312499
1.5,1.46329942,1.39294913
1.505,1.460382174,1.388565964
1.51,1.457461431,1.384162939
1.515,1.454537173,1.379739994
1.52,1.451609383,1.375297068
1.525,1.448678043,1.370834099
1.53,1.445743136,1.366351024
1.535,1.442804645,1.361847782
1.54,1.439862552,1.35732431
1.545,1.43691684,1.352780544
1.55,1.433967491,1.348216422
1.555,1.431014488,1.343631881
1.56,1.428057814,1.339026856
1.565,1.425097451,1.334401284
1.57,1.422133382,1.329755101
1.575,1.419165589,1.325088242
1.58,1.416194055,1.320400643
1.585,1.413218763,1.315692239
1.59,1.410239695,1.310962963
1.595,1.407256834,1.306212752
1.6,1.404270162,1.301441539
1.605,1.401279662,1.296649258
1.61,1.398285317,1.291835844
1.615,1.395287109,1.287001229
1.62,1.392285021,1.282145346
1.625,1.389279035,1.277268129
1.63,1.386269134,1.272369511
1.635,1.383255301,1.267449423
1.64,1.380237518,1.262507798
1.645,1.377215768,1.257544569
1.65,1.374190033,1.252559666
1.655,1.371160296,1.247553021
1.66,1.36812654,1.242524565
1.665,1.365088747,1.237474229
1.67,1.3620469,1.232401943
1.675,1.359000981,1.227307639
1.68,1.355950973,1.222191246
1.685,1.352896859,1.217052694
1.69,1.349838621,1.211891912
1.695,1.346776242,1.20670883
1.7,1.343709704,1.201503377
1.705,1.34063899,1.196275481
1.71,1.337564083,1.191025072
1.715,1.334484965,1.185752077
1.72,1.331401619,1.180456425
1.725,1.328314027,1.175138043
1.73,1.325222172,1.169796858
1.735,1.322126037,1.164432798
1.74,1.319025604,1.159045791
1.745,1.315920856,1.153635762
1.75,1.312811775,1.148202637
1.755,1.309698344,1.142746345
1.76,1.306580546,1.137266809
1.765,1.303458363,1.131763956
1.77,1.300331778,1.126237711
1.775,1.297200773,1.120687999
1.78,1.294065331,1.115114746
1.785,1.290925435,1.109517875
1.79,1.287781067,1.103897312
1.795,1.28463221,1.09825298
1.8,1.281478846,1.092584803
1.805,1.278320958,1.086892704
1.81,1.275158529,1.081176608
1.815,1.271991541,1.075436436
1.82,1.268819977,1.069672113
1.825,1.265643819,1.063883559
1.83,1.26246305,1.058070699
1.835,1.259277653,1.052233453
1.84,1.25608761,1.046371743
1.845,1.252892904,1.040485491
1.85,1.249693517,1.034574618
1.855,1.246489432,1.028639045
1.86,1.243280632,1.022678692
1.865,1.240067099,1.016693481
1.87,1.236848816,1.010683331
1.875,1.233625765,1.004648163
1.88,1.230397929,0.9985878952
1.885,1.227165291,0.9925024478
1.89,1.223927833,0.9863917397
1.895,1.220685538,0.98025569
1.9,1.217438388,0.9740942172
1.905,1.214186366,0.9679072396
1.91,1.210929455,0.9616946754
1.915,1.207667637,0.9554564423
1.92,1.204400895,0.949192458
1.925,1.201129211,0.9429026397
1.93,1.197852568,0.9365869045
1.935,1.194570949,0.9302451691
1.94,1.191284336,0.9238773502
1.945,1.187992712,0.9174833639
1.95,1.184696059,0.9110631263
1.955,1.18139436,0.9046165531
1.96,1.178087598,0.8981435597
1.965,1.174775755,0.8916440615
1.97,1.171458814,0.8851179733
1.975,1.168136757,0.8785652098
1.98,1.164809567,0.8719856856
1.985,1.161477227,0.8653793147
1.99,1.158139719,0.8587460111
1.995,1.154797026,0.8520856884
2,1.15144913,0.84539826
2.005,1.148096014,0.8386836391
2.01,1.144737661,0.8319417385
2.015,1.141374053,0.8251724708
2.02,1.138005173,0.8183757484
2.025,1.134631003,0.8115514833
2.03,1.131251526,0.8046995875
2.035,1.127866725,0.7978199724
2.04,1.124476582,0.7909125493
2.045,1.12108108,0.7839772294
2.05,1.117680201,0.7770139233
2.055,1.114273928,0.7700225416
2.06,1.110862244,0.7630029946
2.065,1.107445131,0.7559551922
2.07,1.104022572,0.7488790443
2.075,1.100594549,0.7417744602
2.08,1.097161045,0.7346413492
2.085,1.093722043,0.7274796202
2.09,1.090277525,0.720289182
2.095,1.086827474,0.7130699429
2.1,1.083371872,0.7058218112
2.105,1.079910702,0.6985446947
2.11,1.076443947,0.6912385011
2.115,1.072971589,0.6839031379
2.12,1.069493611,0.676538512
2.125,1.066009995,0.6691445304
2.13,1.062520724,0.6617210997
2.135,1.059025781,0.6542681262
2.14,1.055525148,0.646785516
2.145,1.052018808,0.639273175
2.15,1.048506743,0.6317310087
2.155,1.044988936,0.6241589224
2.16,1.04146537,0.6165568211
2.165,1.037936027,0.6089246096
2.17,1.03440089,0.6012621925
2.175,1.030859941,0.5935694739
2.18,1.027313163,0.585846358
2.185,1.023760539,0.5780927483
2.19,1.020202051,0.5703085485
2.195,1.016637682,0.5624936617
2.2,1.013067414,0.5546479908
2.205,1.00949123,0.5467714386
2.21,1.005909113,0.5388639074
2.215,1.002321045,0.5309252995
2.22,0.9987270088,0.5229555168
2.225,0.995126987,0.5149544608
2.23,0.9915209622,0.5069220331
2.235,0.987908917,0.4988581346
2.24,0.984290834,0.4907626664
2.245,0.9806666958,0.4826355289
2.25,0.977036485,0.4744766225
2.255,0.9734001842,0.4662858473
2.26,0.969757776,0.4580631032
2.265,0.966109243,0.4498082896
2.27,0.9624545678,0.4415213059
2.275,0.958793733,0.4332020511
2.28,0.9551267212,0.424850424
2.285,0.951453515,0.4164663231
2.29,0.947774097,0.4080496466
2.295,0.9440884498,0.3996002926
2.3,0.940396556,0.3911181588
2.305,0.9366983982,0.3826031426
2.31,0.932993959,0.3740551413
2.315,0.929283221,0.3654740518
2.32,0.9255661668,0.3568597708
2.325,0.921842779,0.3482121947
2.33,0.9181130402,0.3395312197
2.335,0.914376933,0.3308167417
2.34,0.91063444,0.3220686563
2.345,0.9068855438,0.3132868589
2.35,0.903130227,0.3044712447
2.355,0.8993684722,0.2956217085
2.36,0.895600262,0.2867381448
2.365,0.891825579,0.2778204482
2.37,0.8880444058,0.2688685125
2.375,0.884256725,0.2598822316
2.38,0.8804625192,0.2508614992
2.385,0.876661771,0.2418062084
2.39,0.872854463,0.2327162523
2.395,0.8690405778,0.2235915238
2.4,0.865220098,0.2144319152
2.405,0.8613930062,0.2052373189
2.41,0.857559285,0.1960076268
2.415,0.853718917,0.1867427307
2.42,0.8498718848,0.177442522
2.425,0.846018171,0.1681068919
2.43,0.8421577582,0.1587357315
2.435,0.838290629,0.1493289313
2.44,0.834416766,0.1398863818
2.445,0.8305361518,0.1304079732
2.45,0.826648769,0.1208935953
2.455,0.8227546002,0.1113431378
2.46,0.818853628,0.1017564901
2.465,0.814945835,0.09213354133
2.47,0.8110312038,0.08247418028
2.475,0.807109717,0.07277829559
2.48,0.8031813572,0.06304577558
2.485,0.799246107,0.05327650834
2.49,0.795303949,0.04347038167
2.495,0.7913548658,0.03362728312
2.5,0.78739884,0.0237471
2.505,0.7834358542,0.01382971932
2.51,0.779465891,0.003875027868
2.515,0.775488933,-0.006117087861
2.52,0.7715049628,-0.01614674162
2.525,0.767513963,-0.02621404741
2.53,0.7635159162,-0.03631911952
2.535,0.759510805,-0.04646207247
2.54,0.755498612,-0.05664302107
2.545,0.7514793198,-0.06686208038
2.55,0.747452911,-0.0771193657
2.555,0.7434193682,-0.08741499263
2.56,0.739378674,-0.09774907699
2.565,0.735330811,-0.1081217349
2.57,0.7312757618,-0.1185330827
2.575,0.727213509,-0.1289832371
2.58,0.7231440352,-0.1394723148
2.585,0.719067323,-0.1500004331
2.59,0.714983355,-0.1605677094
2.595,0.7108921138,-0.1711742613
2.6,0.706793582,-0.1818202068
2.605,0.7026877422,-0.192505664
2.61,0.698574577,-0.2032307515
2.615,0.694454069,-0.2139955878
2.62,0.6903262008,-0.224800292
2.625,0.686190955,-0.2356449834
2.63,0.6820483142,-0.2465297813
2.635,0.677898261,-0.2574548056
2.64,0.673740778,-0.2684201764
2.645,0.6695758478,-0.2794260137
2.65,0.665403453,-0.2904724383
2.655,0.6612235762,-0.3015595709
2.66,0.6570362,-0.3126875325
2.665,0.652841307,-0.3238564445
2.67,0.6486388798,-0.3350664285
2.675,0.644428901,-0.3463176063
2.68,0.6402113532,-0.3576101
2.685,0.635986219,-0.368944032
2.69,0.631753481,-0.3803195249
2.695,0.6275131218,-0.3917367016
2.7,0.623265124,-0.4031956852
2.705,0.6190094702,-0.4146965992
2.71,0.614746143,-0.4262395672
2.715,0.610475125,-0.4378247131
2.72,0.6061963988,-0.4494521612
2.725,0.601909947,-0.4611220359
2.73,0.5976157522,-0.4728344619
2.735,0.593313797,-0.4845895642
2.74,0.589004064,-0.496387468
2.745,0.5846865358,-0.5082282989
2.75,0.580361195,-0.5201121825
2.755,0.5760280242,-0.5320392449
2.76,0.571687006,-0.5440096124
2.765,0.567338123,-0.5560234116
2.77,0.5629813578,-0.5680807691
2.775,0.558616693,-0.5801818122
2.78,0.5542441112,-0.592326668
2.785,0.549863595,-0.6045154643
2.79,0.545475127,-0.6167483288
2.795,0.5410786898,-0.6290253896
2.8,0.536674266,-0.6413467752
2.805,0.5322618382,-0.6537126141
2.81,0.527841389,-0.6661230353
2.815,0.523412901,-0.6785781679
2.82,0.5189763568,-0.6910781412
2.825,0.514531739,-0.7036230851
2.83,0.5100790302,-0.7162131293
2.835,0.505618213,-0.7288484042
2.84,0.50114927,-0.7415290401
2.845,0.4966721838,-0.7542551678
2.85,0.492186937,-0.7670269183
2.855,0.4876935122,-0.7798444228
2.86,0.483191892,-0.7927078128
2.865,0.478682059,-0.80561722
2.87,0.4741639958,-0.8185727765
2.875,0.469637685,-0.8315746146
2.88,0.4651031092,-0.8446228668
2.885,0.460560251,-0.8577176659
2.89,0.456009093,-0.8708591451
2.895,0.4514496178,-0.8840474375
2.9,0.446881808,-0.8972826768
2.905,0.4423056462,-0.9105649969
2.91,0.437721115,-0.9238945318
2.915,0.433128197,-0.937271416
2.92,0.4285268748,-0.950695784
2.925,0.423917131,-0.9641677708
2.93,0.4192989482,-0.9776875115
2.935,0.414672309,-0.9912551416
2.94,0.410037196,-1.004870797
2.945,0.4053935918,-1.018534613
2.95,0.400741479,-1.032246726
2.955,0.3960808402,-1.046007272
2.96,0.391411658,-1.059816389
2.965,0.386733915,-1.073674214
2.97,0.3820475938,-1.087580883
2.975,0.377352677,-1.101536534
2.98,0.3726491472,-1.115541304
2.985,0.367936987,-1.129595333
2.99,0.363216179,-1.143698758
2.995,0.3584867058,-1.157851717
3,0.35374855,-1.17205435
3.005,0.3490016942,-1.186306795
3.01,0.344246121,-1.200609193
3.015,0.339481813,-1.214961682
3.02,0.3347087528,-1.229364402
3.025,0.329926923,-1.243817493
3.03,0.3251363062,-1.258321097
3.035,0.320336885,-1.272875352
3.04,0.315528642,-1.287480401
3.045,0.3107115598,-1.302136385
3.05,0.305885621,-1.316843445
3.055,0.3010508082,-1.331601722
3.06,0.296207104,-1.346411359
3.065,0.291354491,-1.361272497
3.07,0.2864929518,-1.37618528
3.075,0.281622469,-1.391149849
3.08,0.2767430252,-1.406166349
3.085,0.271854603,-1.421234921
3.09,0.266957185,-1.436355711
3.095,0.2620507538,-1.451528861
3.1,0.257135292,-1.466754515
3.105,0.2522107822,-1.482032818
3.11,0.247277207,-1.497363914
3.115,0.242334549,-1.512747948
3.12,0.2373827908,-1.528185066
3.125,0.232421915,-1.543675412
3.13,0.2274519042,-1.559219132
3.135,0.222472741,-1.574816372
3.14,0.217484408,-1.590467279
3.145,0.2124868878,-1.606171997
3.15,0.207480163,-1.621930675
3.155,0.2024642162,-1.637743459
3.16,0.19743903,-1.653610496
3.165,0.192404587,-1.669531934
3.17,0.1873608698,-1.68550792
3.175,0.182307861,-1.701538602
3.18,0.1772455432,-1.717624128
3.185,0.172173899,-1.733764647
3.19,0.167092911,-1.749960308
3.195,0.1620025618,-1.76621126
3.2,0.156902834,-1.782517651
3.205,0.1517937102,-1.798879632
3.21,0.146675173,-1.815297352
3.215,0.141547205,-1.831770961
3.22,0.1364097888,-1.848300609
3.225,0.131262907,-1.864886448
3.23,0.1261065422,-1.881528627
3.235,0.120940677,-1.898227298
3.24,0.115765294,-1.914982612
3.245,0.1105803758,-1.931794722
3.25,0.105385905,-1.948663778
3.255,0.1001818642,-1.965589932
3.26,0.094968236,-1.982573338
3.265,0.089745003,-1.999614148
3.27,0.0845121478,-2.016712514
3.275,0.079269653,-2.03386859
3.28,0.0740175012,-2.05108253
3.285,0.068755675,-2.068354487
3.29,0.063484157,-2.085684614
3.295,0.0582029298,-2.103073067
3.3,0.052911976,-2.120519999
3.305,0.0476112782,-2.138025566
3.31,0.042300819,-2.155589922
3.315,0.036980581,-2.173213223
3.32,0.0316505468,-2.190895623
3.325,0.026310699,-2.20863728
3.33,0.0209610202,-2.226438348
3.335,0.015601493,-2.244298985
3.34,0.0102321,-2.262219347
3.345,0.0048528238,-2.28019959
3.35,-0.000536353,-2.298239871
3.355,-0.0059354478,-2.316340349
3.36,-0.011344478,-2.33450118
3.365,-0.016763461,-2.352722523
3.37,-0.0221924142,-2.371004536
3.375,-0.027631355,-2.389347376
3.38,-0.0330803008,-2.407751203
3.385,-0.038539269,-2.426216175
3.39,-0.044008277,-2.444742452
3.395,-0.0494873422,-2.463330194
3.4,-0.054976482,-2.481979559
3.405,-0.0604757138,-2.500690708
3.41,-0.065985055,-2.5194638
3.415,-0.071504523,-2.538298998
3.42,-0.0770341352,-2.55719646
3.425,-0.082573909,-2.576156349
3.43,-0.0881238618,-2.595178825
3.435,-0.093684011,-2.614264049
3.44,-0.099254374,-2.633412185
3.445,-0.1048349682,-2.652623393
3.45,-0.110425811,-2.671897837
3.455,-0.1160269198,-2.691235678
3.46,-0.121638312,-2.710637079
3.465,-0.127260005,-2.730102204
3.47,-0.1328920162,-2.749631216
3.475,-0.138534363,-2.769224278
3.48,-0.1441870628,-2.788881554
3.485,-0.149850133,-2.808603209
3.49,-0.155523591,-2.828389407
3.495,-0.1612074542,-2.848240312
3.5,-0.1640519893,-2.858181962
